{"best/epoch": 2, "best/precision": 0.048734346140571275, "best/recall": 0.4809267093242686, "best/mAP_0.5": 0.09462852648491037, "best/mAP_0.5:0.95": 0.029456581999615667, "Labels": {"_type": "images/separated", "width": 1600, "height": 1600, "format": "jpg", "count": 2, "filenames": ["media/images/Labels_0_60dc9155dd0ae04afb58.jpg", "media/images/Labels_0_436c56a7ab668d92bb54.jpg"], "captions": ["labels.jpg", "labels_correlogram.jpg"]}, "Mosaics": {"_type": "images/separated", "width": 1920, "height": 1920, "format": "jpg", "count": 3, "filenames": ["media/images/Mosaics_0_8383318391193f510f78.jpg", "media/images/Mosaics_0_604702eda2c5739e19fd.jpg", "media/images/Mosaics_0_6d2b1f35510321c13542.jpg"], "captions": ["train_batch0.jpg", "train_batch1.jpg", "train_batch2.jpg"]}, "train/box_loss": 0.07318069040775299, "train/obj_loss": 0.02031714655458927, "train/cls_loss": 0.03544018790125847, "metrics/precision": 0.04876805753286889, "metrics/recall": 0.4809267093242686, "metrics/mAP_0.5": 0.09510596498745727, "metrics/mAP_0.5:0.95": 0.029644724096085963, "val/box_loss": 0.07627186179161072, "val/obj_loss": 0.019374065101146698, "val/cls_loss": 0.0350683256983757, "x/lr0": 0.003371666666666667, "x/lr1": 0.003371666666666667, "x/lr2": 0.004205, "BoundingBoxDebugger": {"_type": "images/separated", "width": 672, "height": 416, "format": "png", "count": 16, "filenames": ["media/images/BoundingBoxDebugger_2_d4151d86c58d62c0fad6.png", "media/images/BoundingBoxDebugger_2_7f784977a5cabf78eb61.png", "media/images/BoundingBoxDebugger_2_12aa13a1e9360fc2490a.png", "media/images/BoundingBoxDebugger_2_99a51151c42217485a0c.png", "media/images/BoundingBoxDebugger_2_70346754607703792d1c.png", "media/images/BoundingBoxDebugger_2_6d5850327501304fe4e4.png", "media/images/BoundingBoxDebugger_2_20644ef33c5a0abc0f2c.png", "media/images/BoundingBoxDebugger_2_7831204b7bffcf667993.png", "media/images/BoundingBoxDebugger_2_569014e596ca11a06db0.png", "media/images/BoundingBoxDebugger_2_6f864120dd00e8acc302.png", "media/images/BoundingBoxDebugger_2_f60a71a06eb0da295d7e.png", "media/images/BoundingBoxDebugger_2_81c4f7dea086aeb498ef.png", "media/images/BoundingBoxDebugger_2_f1fad5ca1a8fc312bedb.png", "media/images/BoundingBoxDebugger_2_1b4a416e00b4638dd906.png", "media/images/BoundingBoxDebugger_2_d77742651976363f9753.png", "media/images/BoundingBoxDebugger_2_ee25116e10fa2b9e79fc.png"], "captions": ["00002.jpg", "00672.jpg", "00671.jpg", "00651.jpg", "00647.jpg", "00646.jpg", "00644.jpg", "00642.jpg", "00626.jpg", "00557.jpg", "00552.jpg", "00551.jpg", "00683.jpg", "00517.jpg", "00513.jpg", "00507.jpg"], "all_boxes": [{"predictions": {"_type": "boxes2D", "path": "media/metadata/boxes2D/BoundingBoxDebugger_2_ca6e8bf575a6e9b229d0.boxes2D.json", "sha256": "ca6e8bf575a6e9b229d06d0724c954f5257bc9573c20d65476185248e17172ea", "size": 58414}}, {"predictions": {"_type": "boxes2D", "path": "media/metadata/boxes2D/BoundingBoxDebugger_2_10e75f00242c285dee8d.boxes2D.json", "sha256": "10e75f00242c285dee8df2ecd92f35de71f9591aa7ede4b1c2afaa5a732ee0c5", "size": 58563}}, {"predictions": {"_type": "boxes2D", "path": "media/metadata/boxes2D/BoundingBoxDebugger_2_b78a030443eaa29a6b87.boxes2D.json", "sha256": "b78a030443eaa29a6b87cc496c1a70bcece0ff92a615c1a06e76a790c5857d05", "size": 58522}}, {"predictions": {"_type": "boxes2D", "path": "media/metadata/boxes2D/BoundingBoxDebugger_2_35c3d46bbe0fcd40f076.boxes2D.json", "sha256": "35c3d46bbe0fcd40f0763224d7acbcdd0726aff825c3c08f9141ffa43d2f283b", "size": 58516}}, {"predictions": {"_type": "boxes2D", "path": "media/metadata/boxes2D/BoundingBoxDebugger_2_30b444635eefaf70501a.boxes2D.json", "sha256": "30b444635eefaf70501a1ca5471601d30d558807f3514456ec680d07176b30e1", "size": 58576}}, {"predictions": {"_type": "boxes2D", "path": "media/metadata/boxes2D/BoundingBoxDebugger_2_e56fb7ef265bc165203c.boxes2D.json", "sha256": "e56fb7ef265bc165203c4d2e78ca116b35a1628af494d91277b06a037557b9ca", "size": 58425}}, {"predictions": {"_type": "boxes2D", "path": "media/metadata/boxes2D/BoundingBoxDebugger_2_ebb446895f348f060d16.boxes2D.json", "sha256": "ebb446895f348f060d169d60347e7b50b54645334c0d5fc9aee6effc125466e2", "size": 58699}}, {"predictions": {"_type": "boxes2D", "path": "media/metadata/boxes2D/BoundingBoxDebugger_2_e1704f52e899e26c42b1.boxes2D.json", "sha256": "e1704f52e899e26c42b15b1a7fa94d168694a1597f64a3dca35c98b719766206", "size": 58458}}, {"predictions": {"_type": "boxes2D", "path": "media/metadata/boxes2D/BoundingBoxDebugger_2_e72272c2a7959a417de9.boxes2D.json", "sha256": "e72272c2a7959a417de91afb952afe940390b5012d232586e91eb5abe51eb1f5", "size": 58514}}, {"predictions": {"_type": "boxes2D", "path": "media/metadata/boxes2D/BoundingBoxDebugger_2_6d40b252bdf066f1e032.boxes2D.json", "sha256": "6d40b252bdf066f1e03279964ddb2426ce3537fcade95d6c57eef19e1b24d4bf", "size": 58589}}, {"predictions": {"_type": "boxes2D", "path": "media/metadata/boxes2D/BoundingBoxDebugger_2_dd762a661912ce31c023.boxes2D.json", "sha256": "dd762a661912ce31c0238c588459de748e420a9a80c9905dde0e568a34c468d7", "size": 58442}}, {"predictions": {"_type": "boxes2D", "path": "media/metadata/boxes2D/BoundingBoxDebugger_2_ab3223fbcbd90741f4c2.boxes2D.json", "sha256": "ab3223fbcbd90741f4c2ffa4bb3374600a1a0b8a35a8baad568db7f148ebccb0", "size": 58520}}, {"predictions": {"_type": "boxes2D", "path": "media/metadata/boxes2D/BoundingBoxDebugger_2_1a76b2404da203a0e3ba.boxes2D.json", "sha256": "1a76b2404da203a0e3ba65387a0613ce6d03252b655bef1260373d951759580f", "size": 58551}}, {"predictions": {"_type": "boxes2D", "path": "media/metadata/boxes2D/BoundingBoxDebugger_2_95404c499a47f3c7523a.boxes2D.json", "sha256": "95404c499a47f3c7523a2f793cfcc810fe746326fe8fd51abe23e9442b04fa46", "size": 58264}}, {"predictions": {"_type": "boxes2D", "path": "media/metadata/boxes2D/BoundingBoxDebugger_2_5c47b48f318fc08e8c8e.boxes2D.json", "sha256": "5c47b48f318fc08e8c8e5678c2458c85bb71b711e6f06c81907227cb3d3406a7", "size": 58477}}, {"predictions": {"_type": "boxes2D", "path": "media/metadata/boxes2D/BoundingBoxDebugger_2_ec4eb5d411a99a387185.boxes2D.json", "sha256": "ec4eb5d411a99a387185e526f5c9f8830c6d19bb77be33819afab28c475ea784", "size": 58512}}]}, "_timestamp": 1650566151, "_runtime": 254, "_step": 3, "Validation": {"_type": "images/separated", "width": 1920, "height": 1192, "format": "jpg", "count": 6, "filenames": ["media/images/Validation_3_52eaa5a8f198461d4295.jpg", "media/images/Validation_3_0fa33f2c0256b69e95d9.jpg", "media/images/Validation_3_82f4b50d8263d37f56f7.jpg", "media/images/Validation_3_780fd330facb1b75aeed.jpg", "media/images/Validation_3_25f53f585f1396e3fd12.jpg", "media/images/Validation_3_ec00e878d8b106dc099f.jpg"], "captions": ["val_batch0_labels.jpg", "val_batch0_pred.jpg", "val_batch1_labels.jpg", "val_batch1_pred.jpg", "val_batch2_labels.jpg", "val_batch2_pred.jpg"]}, "Results": {"_type": "images/separated", "width": 2400, "height": 1200, "format": "png", "count": 6, "filenames": ["media/images/Results_3_9889986016b879c9c6c6.png", "media/images/Results_3_d2462cf3f1db0fc945c6.png", "media/images/Results_3_1ddcfd74c096a6abeea7.png", "media/images/Results_3_c3675534da924d8d8348.png", "media/images/Results_3_c6379e8dfe9882bb033e.png", "media/images/Results_3_9862e75fbeecf94a4747.png"], "captions": ["results.png", "confusion_matrix.png", "F1_curve.png", "PR_curve.png", "P_curve.png", "R_curve.png"]}, "_wandb": {"runtime": 251}}