{"best/epoch": 99, "best/precision": 0.9945670533551578, "best/recall": 0.8885037337293746, "best/mAP_0.5": 0.955127507231345, "best/mAP_0.5:0.95": 0.8228215370436107, "Labels": {"_type": "images/separated", "width": 1600, "height": 1600, "format": "jpg", "count": 2, "filenames": ["media/images/Labels_0_60dc9155dd0ae04afb58.jpg", "media/images/Labels_0_436c56a7ab668d92bb54.jpg"], "captions": ["labels.jpg", "labels_correlogram.jpg"]}, "Mosaics": {"_type": "images/separated", "width": 1920, "height": 1920, "format": "jpg", "count": 3, "filenames": ["media/images/Mosaics_0_8383318391193f510f78.jpg", "media/images/Mosaics_0_604702eda2c5739e19fd.jpg", "media/images/Mosaics_0_6d2b1f35510321c13542.jpg"], "captions": ["train_batch0.jpg", "train_batch1.jpg", "train_batch2.jpg"]}, "train/box_loss": 0.015213078819215298, "train/obj_loss": 0.004445449914783239, "train/cls_loss": 0.001506269327364862, "metrics/precision": 0.9945917729197348, "metrics/recall": 0.8885069322981433, "metrics/mAP_0.5": 0.9550345406702879, "metrics/mAP_0.5:0.95": 0.8221305180567106, "val/box_loss": 0.014915733598172665, "val/obj_loss": 0.006037604995071888, "val/cls_loss": 0.0024342627730220556, "x/lr0": 0.0002980000000000002, "x/lr1": 0.0002980000000000002, "x/lr2": 0.0002980000000000002, "_timestamp": 1650604106, "_runtime": 4985, "_step": 100, "BoundingBoxDebugger": {"_type": "images/separated", "width": 672, "height": 416, "format": "png", "count": 16, "filenames": ["media/images/BoundingBoxDebugger_99_d4151d86c58d62c0fad6.png", "media/images/BoundingBoxDebugger_99_7f784977a5cabf78eb61.png", "media/images/BoundingBoxDebugger_99_12aa13a1e9360fc2490a.png", "media/images/BoundingBoxDebugger_99_99a51151c42217485a0c.png", "media/images/BoundingBoxDebugger_99_70346754607703792d1c.png", "media/images/BoundingBoxDebugger_99_6d5850327501304fe4e4.png", "media/images/BoundingBoxDebugger_99_20644ef33c5a0abc0f2c.png", "media/images/BoundingBoxDebugger_99_7831204b7bffcf667993.png", "media/images/BoundingBoxDebugger_99_569014e596ca11a06db0.png", "media/images/BoundingBoxDebugger_99_6f864120dd00e8acc302.png", "media/images/BoundingBoxDebugger_99_f60a71a06eb0da295d7e.png", "media/images/BoundingBoxDebugger_99_81c4f7dea086aeb498ef.png", "media/images/BoundingBoxDebugger_99_f1fad5ca1a8fc312bedb.png", "media/images/BoundingBoxDebugger_99_1b4a416e00b4638dd906.png", "media/images/BoundingBoxDebugger_99_d77742651976363f9753.png", "media/images/BoundingBoxDebugger_99_ee25116e10fa2b9e79fc.png"], "captions": ["00002.jpg", "00672.jpg", "00671.jpg", "00651.jpg", "00647.jpg", "00646.jpg", "00644.jpg", "00642.jpg", "00626.jpg", "00557.jpg", "00552.jpg", "00551.jpg", "00683.jpg", "00517.jpg", "00513.jpg", "00507.jpg"], "all_boxes": [{"predictions": {"_type": "boxes2D", "path": "media/metadata/boxes2D/BoundingBoxDebugger_99_ded114d9d3bde99a4757.boxes2D.json", "sha256": "ded114d9d3bde99a4757df8c66852d9b2646f5106bd0c30377fa547fe5780822", "size": 2215}}, {"predictions": {"_type": "boxes2D", "path": "media/metadata/boxes2D/BoundingBoxDebugger_99_1bb0e3c353678efbc7f4.boxes2D.json", "sha256": "1bb0e3c353678efbc7f454bba07b1fb82173cc8b660045d3a26ed2d2073e9545", "size": 4918}}, {"predictions": {"_type": "boxes2D", "path": "media/metadata/boxes2D/BoundingBoxDebugger_99_b208f11b94e366467442.boxes2D.json", "sha256": "b208f11b94e366467442db621f838ec665b07d2fe0b27a7a218d492f4ab3b31f", "size": 3166}}, {"predictions": {"_type": "boxes2D", "path": "media/metadata/boxes2D/BoundingBoxDebugger_99_ee77958c6414ba4dfe1c.boxes2D.json", "sha256": "ee77958c6414ba4dfe1cede893e08903ad7556eff9bf0cb7a5556d1eedd83945", "size": 4539}}, {"predictions": {"_type": "boxes2D", "path": "media/metadata/boxes2D/BoundingBoxDebugger_99_390eb7d96dc764f50a2f.boxes2D.json", "sha256": "390eb7d96dc764f50a2f683b8215e3e70f4701604cf91382c5115e30d92c33cc", "size": 2997}}, {"predictions": {"_type": "boxes2D", "path": "media/metadata/boxes2D/BoundingBoxDebugger_99_61d60300a4d3b28ea007.boxes2D.json", "sha256": "61d60300a4d3b28ea00729b7b12fa8f0f6b2d4084196affa9b1c86e8d1fcfc0a", "size": 2611}}, {"predictions": {"_type": "boxes2D", "path": "media/metadata/boxes2D/BoundingBoxDebugger_99_c5d263dfba3b7e0425fd.boxes2D.json", "sha256": "c5d263dfba3b7e0425fd1bde7a42a7b4c402b9b56ae883d0f8c81aff1aa5a3fd", "size": 2821}}, {"predictions": {"_type": "boxes2D", "path": "media/metadata/boxes2D/BoundingBoxDebugger_99_2bd9c593acc630b51dfe.boxes2D.json", "sha256": "2bd9c593acc630b51dfeb771944822054a1538d614f13ff922cbef744d363ef7", "size": 2568}}, {"predictions": {"_type": "boxes2D", "path": "media/metadata/boxes2D/BoundingBoxDebugger_99_b538b943a82d1fa2f137.boxes2D.json", "sha256": "b538b943a82d1fa2f13714105dc5caa5aa00e315231a268e9ced49c52723a528", "size": 2426}}, {"predictions": {"_type": "boxes2D", "path": "media/metadata/boxes2D/BoundingBoxDebugger_99_28f111f218647afef13f.boxes2D.json", "sha256": "28f111f218647afef13f6dcbed937b0e058c1d8e6aa15b6943fd500e2a989d5d", "size": 2431}}, {"predictions": {"_type": "boxes2D", "path": "media/metadata/boxes2D/BoundingBoxDebugger_99_9a12654298dfa6b8c65c.boxes2D.json", "sha256": "9a12654298dfa6b8c65c73b80da585cb39671673d73e5ab86e62936236322e1f", "size": 3934}}, {"predictions": {"_type": "boxes2D", "path": "media/metadata/boxes2D/BoundingBoxDebugger_99_bd1ca6ff3ee68a21a9c0.boxes2D.json", "sha256": "bd1ca6ff3ee68a21a9c078620e50857815f09c54c042706da7a4d98fc6bd596c", "size": 867}}, {"predictions": {"_type": "boxes2D", "path": "media/metadata/boxes2D/BoundingBoxDebugger_99_29a24cc5e2810932d88b.boxes2D.json", "sha256": "29a24cc5e2810932d88b106367b866f9a1f0dc8f0d8f23b6ea08129f41ac0ebc", "size": 1854}}, {"predictions": {"_type": "boxes2D", "path": "media/metadata/boxes2D/BoundingBoxDebugger_99_c6f71df77610a10da48f.boxes2D.json", "sha256": "c6f71df77610a10da48f63bcd464ae9d02f18b08d1502f906b2a5701cdc8ac4d", "size": 2012}}, {"predictions": {"_type": "boxes2D", "path": "media/metadata/boxes2D/BoundingBoxDebugger_99_cd99087cfd051f6a6c9c.boxes2D.json", "sha256": "cd99087cfd051f6a6c9ced309749c963edad0e5693b3abc4251226ebee774fcf", "size": 2247}}, {"predictions": {"_type": "boxes2D", "path": "media/metadata/boxes2D/BoundingBoxDebugger_99_7afd9a68af57dc8c4444.boxes2D.json", "sha256": "7afd9a68af57dc8c4444f23f1e10bb6c4922100cd6baa5581e26ad5987cdaae9", "size": 2806}}]}, "Validation": {"_type": "images/separated", "width": 1920, "height": 1192, "format": "jpg", "count": 6, "filenames": ["media/images/Validation_100_52eaa5a8f198461d4295.jpg", "media/images/Validation_100_651218cb6282178b6410.jpg", "media/images/Validation_100_82f4b50d8263d37f56f7.jpg", "media/images/Validation_100_3a86fb30ad5990983793.jpg", "media/images/Validation_100_25f53f585f1396e3fd12.jpg", "media/images/Validation_100_374a829c305ac9524b7d.jpg"], "captions": ["val_batch0_labels.jpg", "val_batch0_pred.jpg", "val_batch1_labels.jpg", "val_batch1_pred.jpg", "val_batch2_labels.jpg", "val_batch2_pred.jpg"]}, "Results": {"_type": "images/separated", "width": 2400, "height": 1200, "format": "png", "count": 6, "filenames": ["media/images/Results_100_725d89838b49713f4d17.png", "media/images/Results_100_879dc2dc00ce28d49548.png", "media/images/Results_100_0db4825dfa80f8126baf.png", "media/images/Results_100_bdbc9d2c87c52eaebaae.png", "media/images/Results_100_2c4b3311471d340f5a06.png", "media/images/Results_100_be5b40354f138e09b9af.png"], "captions": ["results.png", "confusion_matrix.png", "F1_curve.png", "PR_curve.png", "P_curve.png", "R_curve.png"]}, "_wandb": {"runtime": 4982}}